text,label
"Subject: Weekend Plans
Hi Emily,
What are your plans for the weekend? I was thinking of catching up over coffee. Let me know if you're available!
Best,
Alex",0
"Subject: Invitation to a Party
Hey Sarah,
You're invited to my birthday party this Saturday at [Venue]. It's going to be a great time with friends, food, and music. Hope to see you there!
Cheers,
Chris",0
"Subject: Weekly Newsletter
Dear Jonathan,
Thank you for subscribing to our weekly newsletter. In this edition, we cover the latest trends in technology, upcoming events, and more. Stay tuned for valuable insights!
Regards,
TechWorld",0
"Subject: Your Order Confirmation
Hi Olivia,
Thank you for shopping with us! Your order #12345 has been confirmed and will be shipped soon. You can track your order using the link below.
Happy shopping!
TrendyGoods",0
"Subject: Monthly Statement Available
Dear Michael,
Your monthly bank statement for March is now available. You can view and download it by logging into your online banking account.
Regards,
SecureBank",0
"Subject: Don't Forget: Webinar Tomorrow
Hi Vanessa,
Just a reminder that the webinar on Machine Learning is scheduled for tomorrow at 2 PM. Make sure to join us for an informative session!
Best,
TechSeminar Team",0
"Subject: Your Travel Details
Hi Jason,
Here are the details for your upcoming trip:
Flight: AC1234
Hotel: Hilton Downtown
Excursions: City Tour, Museum Visit
Have a great journey!
GlobeTrotter Agency",0
"Subject: Upcoming Workshop on Python Programming
Hello Alice,
We are excited to announce an upcoming workshop on Python Programming. Join us for an interactive session with industry experts and enhance your knowledge in this field.
Regards,
CodingInstitute",0
"Subject: Monthly Health Tips
Dear Elena,
In this month's newsletter, we share valuable health tips, delicious recipes, and fitness routines to help you maintain a healthy lifestyle. Stay well!
Best,
HealthVibes",0
"Subject: Invitation to Charity Gala
Hi Mark,
You're invited to our annual Charity Gala to support Education for All. Join us for an evening of fundraising, entertainment, and making a positive impact in our community.
Warm regards,
HopeFoundation",0
"Subject: Important Tax Filing Information
Dear Olivia,
This is a reminder to file your taxes before the upcoming deadline. Visit our website for resources and assistance with the filing process.
Sincerely,
TaxHelp Department",0
"Subject: Next Book Club Meeting
Hello Rachel,
Our next book club meeting is scheduled for April 5th. We'll be discussing ""The Silent Waters."" Looking forward to another engaging discussion!
Cheers,
BookWorms Club",0
"Subject: Software Update Available
Hi Alex,
A new software update is now available for TechPro. This update includes bug fixes and exciting new features. Click the link to update your software.
Regards,
TechInnovate",0
"Subject: Annual Community Fair
Dear Christopher,
Join us for our annual community fair on May 1st. There will be food, games, and activities for all ages. Bring your friends and family for a day of fun!
Best,
CommunityUnity Organization",0
"Subject: Share Your Feedback!
Hi Nicole,
We hope you're enjoying your recent purchase. Share your thoughts by leaving a review on our website. Your feedback helps us improve and assist other customers in making informed decisions.
Thank you,
TrendyGoods",0
"Subject: Subscription Renewal Notice
Dear William,
Your subscription to TechMonthly is expiring soon. Renew now to continue enjoying uninterrupted access to premium content and features.
Regards,
TechMonthly",0
"Subject: Unusual Login Activity Detected
Hi John,
We've detected unusual login activity on your account. If this wasn't you, please secure your account by changing your password immediately.
Best,
SecurityAlert Team",0
"Subject: Season's Greetings!
Dear Emily,
Wishing you and your loved ones a joyful holiday season filled with warmth and happiness. May the coming year bring you success and prosperity.
Cheers,
Johnson Family",0
"Subject: Your Opinion Matters
Hi Rachel,
We value your opinion! Take a few minutes to complete our survey and share your thoughts. Your feedback helps us enhance our products/services.
Thank you,
OpinionInsight",0
"Subject: Your Ticket Confirmation for MusicFest
Hi Ryan,
Thank you for purchasing tickets to MusicFest. Your confirmation details and ticket QR code are attached. We look forward to seeing you there!
Regards,
MusicFest Organizer",0
"Subject: Annual Home Inspection Reminder
Dear Amanda,
It's time for your annual home inspection. Schedule an appointment to ensure your home is in top condition and address any maintenance needs.
Best,
HomeCare Services",0
"Subject: Latest Blog Post - ""The Future of AI""
Hello Daniel,
We've just published a new blog post on ""The Future of AI."" Check it out for insightful content and stay updated on the latest trends in Artificial Intelligence.
Happy reading!
AIInsights Blog",0
"Subject: Join Us for a Pet Adoption Event
Hi Lily,
We're hosting a pet adoption event this weekend. Come meet adorable pets looking for loving homes. Bring joy to your life by adopting a furry friend!
Regards,
HappyTails Shelter",0
"Dear [Candidate's Name],

I hope this email finds you well. I wanted to personally reach out to you and inform you that you have been shortlisted for the next round of our hiring process for the [Job Title] position at [Company Name]. We were impressed with your application and believe that your qualifications and experience align well with what we are looking for.

We would like to invite you for an interview to further discuss your suitability for the role and to get to know you better. The interview will be held on [Date] at [Location], and it is expected to last approximately [Duration] minutes. You will have the opportunity to meet with our [Interviewer(s)] and learn more about our company and the role.

Here are some details about the interview:

Date: [Date]
Time: [Time]
Location: [Address]
Interview Panel: [List of Interviewers, if applicable]

To confirm your availability for this interview, please respond to this email by [RSVP Deadline]. If this date and time are not convenient for you, please let us know, and we will do our best to accommodate your schedule. Additionally, if you require any specific accommodations or have any special requests, please inform us, and we will make the necessary arrangements.

In preparation for the interview, we recommend that you research our company, review the job description, and be ready to discuss your qualifications and experiences that make you a strong fit for this role. Feel free to reach out if you have any questions or need further information about the interview process.

We are excited to learn more about you and your potential contribution to our team. Thank you for your interest in [Company Name], and we look forward to meeting you in person.

Best regards,

[Your Name]
[Your Title]
[Company Name]
[Contact Information]
",1
"Dear Emily,

I hope this email finds you well. I wanted to personally reach out to you and inform you that you have been shortlisted for the next round of our hiring process for the Software Developer position at XYZ Tech Solutions. We were impressed with your application and believe that your qualifications and experience align well with what we are looking for.

We would like to invite you for an interview to further discuss your suitability for the role and to get to know you better. The interview will be held on Wednesday, November 2nd, 2023, at our main office located at 123 Main Street, Suite 456, Tech City. It is expected to last approximately 45 minutes. You will have the opportunity to meet with our Senior Software Developer, Jane Smith, and our HR Manager, John Doe, and learn more about our company and the role.

Here are some details about the interview:

Date: Wednesday, November 2nd, 2023
Time: 2:00 PM
Location: 123 Main Street, Suite 456, Tech City
Interview Panel: Jane Smith (Senior Software Developer) and John Doe (HR Manager)

To confirm your availability for this interview, please respond to this email by Friday, October 20th, 2023. If this date and time are not convenient for you, please let us know, and we will do our best to accommodate your schedule. Additionally, if you require any specific accommodations or have any special requests, please inform us, and we will make the necessary arrangements.

In preparation for the interview, we recommend that you research our company, review the job description, and be ready to discuss your qualifications and experiences that make you a strong fit for this role. Feel free to reach out if you have any questions or need further information about the interview process.

We are excited to learn more about you and your potential contribution to our team. Thank you for your interest in XYZ Tech Solutions, and we look forward to meeting you in person.

Best regards,

Sarah Johnson
Talent Acquisition Specialist
XYZ Tech Solutions
Email: sarah.johnson@xyztech.com
Phone: (555) 123-4567",1
" hope this email finds you well. I wanted to personally reach out to you and inform you that you have been shortlisted for the next round of our hiring process for the Software Developer position at XYZ Tech Solutions. We were impressed with your application and believe that your qualifications and experience align well with what we are looking for.

We would like to invite you for an interview to further discuss your suitability for the role and to get to know you better. The interview will be held on Wednesday, November 2nd, 2023, at our main office located at 123 Main Street, Suite 456, Tech City. It is expected to last approximately 45 minutes. You will have the opportunity to meet with our Senior Software Developer, Jane Smith, and our HR Manager, John Doe, and learn more about our company and the role.

Here are some details about the interview:

Date: Wednesday, November 2nd, 2023
Time: 2:00 PM
Location: 123 Main Street, Suite 456, Tech City
Interview Panel: Jane Smith (Senior Software Developer) and John Doe (HR Manager)

To confirm your availability for this interview, please respond to this email by Friday, October 20th, 2023. If this date and time are not convenient for you, please let us know, and we will do our best to accommodate your schedule. Additionally, if you require any specific accommodations or have any special requests, please inform us, and we will make the necessary arrangements.

In preparation for the interview, we recommend that you research our company, review the job description, and be ready to discuss your qualifications and experiences that make you a strong fit for this role. Feel free to reach out if you have any questions or need further information about the interview process.

We are excited to learn more about you and your potential contribution to our team. Thank you for your interest in XYZ Tech Solutions, and we look forward to meeting you in person.

Best regards,

Sarah Johnson
Talent Acquisition Specialist
XYZ Tech Solutions
Email: sarah.johnson@xyztech.com
Phone: (555) 123-4567

Feel free to modify this email as needed for your specific situation.



User
Can you generate now with an online interview

ChatGPT
Certainly! Here's an email template for inviting a candidate to an online job interview:

Subject: Invitation for an Online Software Developer Interview

Dear Emily,

I hope this email finds you well. I wanted to personally reach out to you and inform you that you have been shortlisted for the next round of our hiring process for the Software Developer position at XYZ Tech Solutions. We were impressed with your application and believe that your qualifications and experience align well with what we are looking for.

We would like to invite you for an online interview to further discuss your suitability for the role and to get to know you better. The online interview will be conducted via Zoom on Wednesday, November 2nd, 2023, at 2:00 PM (UTC). It is expected to last approximately 45 minutes. You will have the opportunity to meet with our Senior Software Developer, Jane Smith, and our HR Manager, John Doe, and learn more about our company and the role.

Here are some details about the online interview:

Date: Wednesday, November 2nd, 2023
Time: 2:00 PM (UTC)
Interview Platform: Zoom (Meeting link and details will be provided separately)
Interview Panel: Jane Smith (Senior Software Developer) and John Doe (HR Manager)

To confirm your availability for this online interview, please respond to this email by Friday, October 20th, 2023. If this date and time are not convenient for you, please let us know, and we will do our best to accommodate your schedule. Additionally, if you require any specific accommodations or have any special requests related to the online interview setup, please inform us, and we will make the necessary arrangements.

In preparation for the online interview, we recommend that you test your internet connection and Zoom setup to ensure a smooth interview experience. Be ready to discuss your qualifications and experiences that make you a strong fit for this role. Feel free to reach out if you have any questions or need further information about the online interview process.

We are excited to learn more about you and your potential contribution to our team. Thank you for your interest in XYZ Tech Solutions, and we look forward to meeting you online.

Best regards,

Sarah Johnson
Talent Acquisition Specialist
XYZ Tech Solutions
Email: sarah.johnson@xyztech.com
Phone: (555) 123-4567

Feel free to customize this email with the specific details of the online interview and any relevant information about your company or the candidate.



User
Can you also give one for a HireView Pre-Interview first

ChatGPT
Certainly! Here's an email template for inviting a candidate to complete a HireVue pre-recorded video interview:

Subject: Invitation for HireVue Pre-Interview

Dear Emily,

I hope this email finds you well. I wanted to personally reach out to you and inform you that you have been shortlisted for the next round of our hiring process for the Software Developer position at XYZ Tech Solutions. We were impressed with your application and believe that your qualifications and experience align well with what we are looking for.

As a part of our selection process, we would like to invite you to complete a HireVue pre-recorded video interview. This is an opportunity for you to showcase your qualifications and answer a set of interview questions at your convenience. We have provided the link to the HireVue interview platform, along with the interview questions, in the email attachment.

Here are some key details about the HireVue pre-interview:

Deadline for Completion: Please complete the HireVue interview by [Deadline Date], which is [X] days from now.
Interview Questions: You will find the interview questions and instructions in the attached document.
Technical Requirements: You will need access to a computer or smartphone with a webcam and a stable internet connection to complete the video interview.
Timing: You can complete the interview at your own pace and choose a quiet, well-lit space for recording your responses.
Assistance: If you encounter any technical issues or have questions about the interview process, please contact us, and we'll be happy to assist you.
After you have completed the HireVue pre-interview, we will review your responses and follow up with the next steps in our hiring process.

We're excited to learn more about you and your potential contribution to our team. Thank you for your interest in XYZ Tech Solutions, and we look forward to reviewing your HireVue interview.

Best regards,

Sarah Johnson
Talent Acquisition Specialist
XYZ Tech Solutions
Email: sarah.johnson@xyztech.com
Phone: (555) 123-4567

Please make sure to attach the relevant HireVue interview link and question document to this email before sending it to the candidate.



User
Can you be bit more slightly informal

ChatGPT
Certainly, here's a slightly more informal version of the email for inviting a candidate to complete a HireVue pre-recorded video interview:

Subject: Let's Get to Know You Better - Video Interview Invitation

Hey Emily,

I hope you're doing well! I've got some great news to share. You've made it to the next round in our quest for the perfect Software Developer at XYZ Tech Solutions.

We were really impressed with your application and think you could be an excellent fit for our team. To get to know you better, we'd like to invite you to complete a HireVue pre-recorded video interview. It's a super convenient way for you to tell us more about yourself at your own pace.

Here's what you need to know:

Video Interview Deadline: We'd appreciate it if you could complete the HireVue interview by [Deadline Date], which gives you about [X] days from now.

Interview Questions: We've attached the interview questions and instructions for you to dive into.

Tech Stuff: All you need is a computer or smartphone with a webcam and a stable internet connection. Find a comfy, quiet spot with good lighting, and you're good to go.

Need Help? If you run into any tech glitches or have questions about the process, don't hesitate to reach out. We're here to help.

Once you've aced the HireVue pre-interview, we'll review your responses and get in touch with the next steps in our hiring adventure.

We're excited to learn more about you and see how you could be a fantastic addition to our team. Thanks for your interest in XYZ Tech Solutions, and we're looking forward to watching your HireVue interview.

Best regards,

Sarah Johnson
Talent Acquisition Specialist
XYZ Tech Solutions
Email: sarah.johnson@xyztech.com
Phone: (555) 123-4567

Feel free to adjust the level of informality to match the tone and culture of your organization.



User
Can you do this for a second round of interview?

ChatGPT
Certainly! Here's an email template for inviting a candidate to a second round of interviews:

Subject: Invitation for a Second Round Interview

Dear [Candidate's Name],

I hope this email finds you well. I wanted to personally reach out and inform you that you have successfully advanced to the second round of our selection process for the [Job Title] position at [Company Name]. Congratulations! Your performance in the initial interview and your qualifications have impressed us, and we are eager to learn more about your fit for the role and our team.

We would like to invite you for the second round of interviews, which will provide you with an opportunity to delve deeper into your qualifications and how they align with our requirements. The interview will be conducted on [Date] at [Location/Online], and it is expected to last approximately [Duration] minutes. You will meet with our [Interviewer(s)] to further discuss your experiences, skills, and your potential contribution to our company.

Here are some details about the second round interview:

Date: [Date]
Time: [Time]
Location (if in-person): [Address]
Interview Platform (if online): [Online Platform]
Interview Panel: [List of Interviewers, if applicable]
To confirm your availability for this interview, please respond to this email by [RSVP Deadline]. If this date and time are not convenient for you, please let us know, and we will do our best to accommodate your schedule. Additionally, if you require any specific accommodations or have any special requests, please inform us, and we will make the necessary arrangements.

In preparation for the second round interview, we recommend that you reflect on your past experiences, review the job description, and be ready to discuss how your skills and qualifications make you a strong fit for this role. If you have any questions or need further information about the interview process, please feel free to reach out.

We are excited to further explore your potential contributions to our team. Thank you for your continued interest in [Company Name], and we look forward to meeting with you again.

Best regards,

[Your Name]
[Your Title]
[Company Name]
[Contact Information]

Please customize this template with the specific details of the second round interview, such as the date, time, location, and any other relevant information.



User
Can you fill in all the blanks 

ChatGPT
Of course! Here's the email with all the blanks filled in:

Subject: Invitation for a Second Round Interview

Dear [Candidate's Name],

I hope this email finds you well. I wanted to personally reach out and inform you that you have successfully advanced to the second round of our selection process for the Senior Software Engineer position at XYZ Tech Solutions. Congratulations! Your performance in the initial interview and your qualifications have impressed us, and we are eager to learn more about your fit for the role and our team.

We would like to invite you for the second round of interviews, which will provide you with an opportunity to delve deeper into your qualifications and how they align with our requirements. The interview will be conducted on Monday, November 15th, 2023, at our main office located at 123 Main Street, Suite 456, Tech City. It is expected to last approximately 60 minutes. You will meet with our Technical Lead, John Smith, and our HR Manager, Jane Doe, to further discuss your experiences, skills, and your potential contribution to our company.

Here are some details about the second round interview:

Date: Monday, November 15th, 2023
Time: 2:00 PM
Location (if in-person): 123 Main Street, Suite 456, Tech City
Interview Panel: John Smith (Technical Lead) and Jane Doe (HR Manager)
To confirm your availability for this interview, please respond to this email by Friday, November 5th, 2023. If this date and time are not convenient for you, please let us know, and we will do our best to accommodate your schedule. Additionally, if you require any specific accommodations or have any special requests, please inform us, and we will make the necessary arrangements.

In preparation for the second round interview, we recommend that you reflect on your past experiences, review the job description, and be ready to discuss how your skills and qualifications make you a strong fit for this role. If you have any questions or need further information about the interview process, please feel free to reach out.

We are excited to further explore your potential contributions to our team. Thank you for your continued interest in XYZ Tech Solutions, and we look forward to meeting with you again.

Best regards,

Sarah Johnson
Talent Acquisition Specialist
XYZ Tech Solutions
Email: sarah.johnson@xyztech.com
Phone: (555) 123-4567



",1
"Dear Emily,

I hope this email finds you well. I wanted to personally reach out to you and inform you that you have been shortlisted for the next round of our hiring process for the Software Developer position at XYZ Tech Solutions. We were impressed with your application and believe that your qualifications and experience align well with what we are looking for.

We would like to invite you for an online interview to further discuss your suitability for the role and to get to know you better. The online interview will be conducted via Zoom on Wednesday, November 2nd, 2023, at 2:00 PM (UTC). It is expected to last approximately 45 minutes. You will have the opportunity to meet with our Senior Software Developer, Jane Smith, and our HR Manager, John Doe, and learn more about our company and the role.

Here are some details about the online interview:

Date: Wednesday, November 2nd, 2023
Time: 2:00 PM (UTC)
Interview Platform: Zoom (Meeting link and details will be provided separately)
Interview Panel: Jane Smith (Senior Software Developer) and John Doe (HR Manager)

To confirm your availability for this online interview, please respond to this email by Friday, October 20th, 2023. If this date and time are not convenient for you, please let us know, and we will do our best to accommodate your schedule. Additionally, if you require any specific accommodations or have any special requests related to the online interview setup, please inform us, and we will make the necessary arrangements.

In preparation for the online interview, we recommend that you test your internet connection and Zoom setup to ensure a smooth interview experience. Be ready to discuss your qualifications and experiences that make you a strong fit for this role. Feel free to reach out if you have any questions or need further information about the online interview process.

We are excited to learn more about you and your potential contribution to our team. Thank you for your interest in XYZ Tech Solutions, and we look forward to meeting you online.",1
"hope this message finds you in good health. I'm reaching out to convey our gratitude for your application for the [Job Title] position with [Company Name]. After a thorough evaluation, we are pleased to inform you that you have advanced to the next stage of our selection process – the interview.

Your application stood out due to your impressive qualifications, professional background, and the genuine enthusiasm you exhibited for this role. Your skills and experience align closely with our expectations for this position.

The interview is an opportunity for us to gain a deeper understanding of your qualifications, and for you to learn more about our organization, the specific role, and our work environment. It's also a chance for you to seek clarification on any queries you might have regarding the position or our company.

Interview Details:

Date: [Insert Interview Date]
Time: [Insert Interview Time]
Location: [Insert Interview Location, or specify if it's a virtual interview]
Kindly confirm your availability for the specified date and time and indicate your preference for an in-person or virtual interview. If you have any special requirements or questions about the interview process, please don't hesitate to contact us at [Your Contact Information] in advance.

To prepare effectively for the interview, we recommend reviewing the job description, familiarizing yourself with our company, and reflecting on how your skills and experience align with the demands of this role. We are eagerly looking forward to learning more about your qualifications and how you could contribute to our team.

Once again, congratulations on making it to this stage. We are excited to meet you and delve deeper into your potential contributions. If any scheduling conflicts arise or if you need to reschedule, please inform us as soon as possible.

Thank you for your interest in [Company Name], and we will be in touch shortly.
hope this message finds you in good health. I'm reaching out to convey our gratitude for your application for the [Job Title] position with [Company Name]. After a thorough evaluation, we are pleased to inform you that you have advanced to the next stage of our selection process – the interview.

Your application stood out due to your impressive qualifications, professional background, and the genuine enthusiasm you exhibited for this role. Your skills and experience align closely with our expectations for this position.

The interview is an opportunity for us to gain a deeper understanding of your qualifications, and for you to learn more about our organization, the specific role, and our work environment. It's also a chance for you to seek clarification on any queries you might have regarding the position or our company.

Interview Details:

Date: [Insert Interview Date]
Time: [Insert Interview Time]
Location: [Insert Interview Location, or specify if it's a virtual interview]
Kindly confirm your availability for the specified date and time and indicate your preference for an in-person or virtual interview. If you have any special requirements or questions about the interview process, please don't hesitate to contact us at [Your Contact Information] in advance.

To prepare effectively for the interview, we recommend reviewing the job description, familiarizing yourself with our company, and reflecting on how your skills and experience align with the demands of this role. We are eagerly looking forward to learning more about your qualifications and how you could contribute to our team.

Once again, congratulations on making it to this stage. We are excited to meet you and delve deeper into your potential contributions. If any scheduling conflicts arise or if you need to reschedule, please inform us as soon as possible.

Thank you for your interest in [Company Name], and we will be in touch shortly.
hope this message finds you in good health. I'm reaching out to convey our gratitude for your application for the [Job Title] position with [Company Name]. After a thorough evaluation, we are pleased to inform you that you have advanced to the next stage of our selection process – the interview.

Your application stood out due to your impressive qualifications, professional background, and the genuine enthusiasm you exhibited for this role. Your skills and experience align closely with our expectations for this position.

The interview is an opportunity for us to gain a deeper understanding of your qualifications, and for you to learn more about our organization, the specific role, and our work environment. It's also a chance for you to seek clarification on any queries you might have regarding the position or our company.

Interview Details:

Date: [Insert Interview Date]
Time: [Insert Interview Time]
Location: [Insert Interview Location, or specify if it's a virtual interview]
Kindly confirm your availability for the specified date and time and indicate your preference for an in-person or virtual interview. If you have any special requirements or questions about the interview process, please don't hesitate to contact us at [Your Contact Information] in advance.

To prepare effectively for the interview, we recommend reviewing the job description, familiarizing yourself with our company, and reflecting on how your skills and experience align with the demands of this role. We are eagerly looking forward to learning more about your qualifications and how you could contribute to our team.

Once again, congratulations on making it to this stage. We are excited to meet you and delve deeper into your potential contributions. If any scheduling conflicts arise or if you need to reschedule, please inform us as soon as possible.

Thank you for your interest in [Company Name], and we will be in touch shortly.
",1
"Hope you're doing well! 😊 I've got some great news to share. Your application for the [Job Title] position at [Company Name] really caught our eye, and we're excited to invite you for an interview. 🎉

We were seriously impressed by your skills and experience, and your enthusiasm for the role is infectious. You've made the shortlist!

Here are the deets for the interview:

Date: [Insert Interview Date]
Time: [Insert Interview Time]
Location: [Insert Interview Location or specify if it's virtual]
Let us know if this date and time work for you, and whether you'd prefer an in-person or virtual interview. Got any special requests or questions? Feel free to shoot them our way at [Your Contact Information] ahead of time.

To prep, take a peek at the job description, dig into what we're all about at [Company Name], and think about how your skills align with the job. We can't wait to chat with you and learn more about how you'd rock this role.

Congrats on making it this far, and remember, we're all about making this a two-way street. If you need to reschedule or have any questions, give us a shout ASAP.

Thanks for your interest in [Company Name], and we'll be in touch real soon.",1
"Dear [Candidate's Name],

I trust this message finds you in good health. It is with great pleasure that I inform you of your successful advancement to the pre-interview HR screening stage for the [Job Title] position at [Company Name]. Your application has been meticulously reviewed, and we are highly impressed with your qualifications and the enthusiasm you have demonstrated for this role.

The pre-interview HR screening will precede the formal interview and represents an initial step in our selection process. During this session, our HR team will engage with you to discuss your qualifications, aspirations, and initial fit for the role. This session is designed to ensure that the formal interview is tailored to your specific background and to address any preliminary questions you may have about the position or our company.

Pre-Interview HR Screening Details:

Date: [Insert Pre-Interview Date]
Time: [Insert Pre-Interview Time]
Location: [Insert Pre-Interview Location or specify if it's a virtual session]
Following the HR screening, you will receive an invitation for the formal interview stage, which will delve deeper into your qualifications and the role's specifics.

Formal Interview Details:

Date: [Insert Interview Date]
Time: [Insert Interview Time]
Location: [Insert Interview Location, or specify if it's a virtual interview]
Kindly confirm your availability for both the pre-interview HR screening and the formal interview. Please also indicate your preference for an in-person or virtual session. Should you have any specific requirements or inquiries concerning the interview process, please do not hesitate to reach out to us at [Your Contact Information] in advance.

In preparation for these interviews, we recommend a thorough review of the job description, a comprehensive understanding of our company, and a thoughtful reflection on how your skills and experience align with the demands of the role. We eagerly anticipate the opportunity to learn more about your qualifications and your potential contributions to our team.

Once again, congratulations on reaching this pivotal stage. Should any scheduling conflicts arise or should you need to reschedule, please inform us at your earliest convenience.

We are grateful for your interest in [Company Name], and we will be in touch shortly.

Warm regards,

[Your Name]
[Your Title]
[Company Name]
[Your Contact Information]",1
"Dear [Candidate's Name],

Congratulations on making it to the next stage for the [Job Title] position at [Company Name]! We were highly impressed with your application.

To proceed, we have a two-step interview process:

Step 1: HR Screening

Date: [Insert Pre-Interview Date]
Time: [Insert Pre-Interview Time]
Location: [Insert Pre-Interview Location or specify if it's a virtual session]
Our HR team will discuss your qualifications and ensure a smooth transition to the next step.

Step 2: Formal Interview

Date: [Insert Interview Date]
Time: [Insert Interview Time]
Location: [Insert Interview Location, or specify if it's a virtual interview]
In preparation, review the job description and research our company. We look forward to a deeper discussion about your potential contribution.

Please confirm your availability and preferred interview format (in-person or virtual) at your earliest convenience.

If there are any scheduling conflicts or questions, feel free to reach out to us at [Your Contact Information].

Thank you for your interest in [Company Name], and we anticipate a successful interview process.

Best regards,

[Your Name]
[Your Title]
[Company Name]
[Your Contact Information]",1
"Hi Akshit,
 
It was nice speaking to you earlier J
 
As shared, we would like to arrange for an interview, details as below:
 
The goal of this interview is for us to get to know you better, about your passion and career aspirations and to see if this position is a good match for you. Do come prepared to share about your experience or projects and how you can contribute to the team.
 
Date	10 Aug 2022, Wednesday
Time	3.00pm
Dress code	Smart casual",1
"I hope this message finds you well. I wanted to personally thank you for your interest in the [Job Title] position at [Company Name] and for the time and effort you put into the interview process. We were truly impressed with your qualifications and experience, and we appreciate your enthusiasm for the role.

After careful consideration, we have decided to move forward with another candidate whose skills and experience closely align with our current needs for this role. It was a challenging decision to make, as we were highly impressed with your qualifications and what you could bring to our team.

Please know that this decision does not diminish your worth or the value of your skills and experience. We received many qualified applications, and this decision was based on the specific requirements of the position and how well they matched with the other candidate's background.

We sincerely hope that you will not be discouraged by this outcome, as we believe you have a bright future ahead. We will keep your application on file for the future and consider you for other opportunities within [Company Name] that might be a better fit.

Thank you once again for your interest in [Company Name]. We wish you the best of luck in your job search, and we hope our paths may cross again in the future.

If you have any questions or would like feedback on your interview, please feel free to reach out. We are more than happy to provide constructive feedback to help you in your professional growth.

Thank you for considering [Company Name] as a potential employer, and we wish you all the best in your career endeavors.",1
"Thank you for your interest in the [Job Title] position at [Company Name] and for the time you invested in our interview process. We appreciate your enthusiasm and the effort you put into your application.

After careful consideration, we have chosen another candidate whose qualifications more closely match our current needs for this role. We understand this may be disappointing, but please know that your skills and experience are valued.

We will keep your application for future opportunities within [Company Name] that may be a better fit. If you have any questions or seek feedback on your interview, please feel free to reach out.

We appreciate your interest in [Company Name] and wish you the best in your job search.",1
" hope this message finds you well. I want to express my sincere gratitude for your interest in the [Job Title] position at [Company Name] and for the dedication you showed throughout our interview process. Your enthusiasm and qualifications were truly impressive.

After careful consideration, we have decided to move forward with another candidate whose skills more closely align with our current requirements for this role. I understand this news may be disappointing, but please remember that your skills and experience are highly regarded.

Your application will remain in our records for future opportunities within [Company Name] that may be a better match. If you have any questions or would like feedback on your interview, please don't hesitate to reach out.

I want to emphasize that your candidacy left a positive impression, and we sincerely hope our paths cross again in the future. Your talent is unmistakable, and I am confident that you will find the right opportunity that aligns perfectly with your qualifications and aspirations.

Thank you for considering [Company Name] as a potential employer. We wish you the very best in your ongoing job search.
",1
"I hope you're doing well. I wanted to drop you a quick note to thank you for your interest in the [Job Title] role at [Company Name] and for the time you invested in our interview process. We were genuinely impressed by your enthusiasm and your qualifications.

After some careful consideration, we decided to go with another candidate whose skills were a closer match for our current needs. I understand it can be a bummer, but I want to stress that your skills and experience are genuinely appreciated.

Don't worry; we're keeping your application on file for potential future opportunities at [Company Name] that might be an even better fit. If you have any questions or want feedback on your interview, please feel free to hit us up.

Your candidacy left a great impression, and we're rooting for you to find the perfect opportunity that aligns perfectly with your skills and aspirations. Thanks for considering [Company Name], and we wish you all the best in your job hunt.",1
"We appreciate your interest in the [Job Title] position at [Company Name]. After careful consideration, we've selected another candidate whose qualifications align more closely with our needs for this role.

Your application will remain on file for future opportunities. If you have questions or need feedback, please feel free to reach out.

Thank you for considering [Company Name], and best of luck with your job search.",1
"I regret to inform you that your application for the [Job Title] position at [Company Name] has been rejected.

After thorough assessment, we have selected another candidate who was a more suitable fit for the role. We will not retain your application for any future opportunities.

Thank you for applying, and we wish you the best in your job search.
",1
"Thank you for your interest in the [Job Title] position at [Company Name]. We appreciate your time and effort throughout the interview process.

After careful consideration, we regret to inform you that we have selected another candidate for the position. The decision was based on several factors, including the specific skills and experience required for the role, which we found to be more aligned with the selected candidate.

While your application demonstrated [mention some strengths], our team ultimately decided to move forward with a candidate who possessed stronger qualifications and experience directly related to the job requirements.

We understand that job searching can be a challenging process, and we encourage you to continue developing your skills and experience. We appreciate your interest in [Company Name], and your application will be kept on file for potential future openings that may be a better fit.

Thank you for your understanding, and we wish you the best of luck in your job search.
",1
"I hope you're doing well. I wanted to get back to you regarding the [Job Title] position at [Company Name]. First and foremost, thanks for taking the time to apply and go through our interview process. We were seriously impressed with your [mention some strengths or qualifications].

After some tough decision-making, we've decided to go in a different direction with another candidate. It was a tough choice, and the selected candidate had a bit more experience and skills that directly matched the job requirements.

We genuinely appreciate your interest in [Company Name]. We're always on the lookout for great talent, and even though this one didn't work out, we'd love to keep your application on file. You never know when the perfect opportunity might come up.

Please stay connected with us on our social media channels or visit our careers page to keep an eye on new openings. We'd be thrilled to see your name pop up in our applicant pool again.

Thanks once more for considering [Company Name]. Best of luck with your job search, and I'm sure your next adventure is just around the corner.",1
"Thank you very much for applying for Intern - Data Science role at Micron. 

At this time, we regret to inform you that we’ve decided not to move forward with your application. As a growing organization we always have new positions available and therefore we encourage you to continue visiting the career site on a regular basis. Our AI-enabled system will match your resume with any relevant, open vacancies we have. 

If you are interested in knowing more about Micron’s culture, you can interact with our team members here . We would be delighted to answer your questions! 

Once again, thank you very much for your time and consideration.

We wish you success in your current job search and hope to see your application for other roles at Micron.",1
"Thank you for applying to our Automation & Robotics - Intern role. 

We appreciate your patience.

Unfortunately, our team did not select you for this role. Competition for jobs at GE is strong and we often make difficult choices between many great candidates.

We would like to encourage you to keep an eye out for other opportunities at GE that interest you. We encourage you to join our Talent Community to receive up-to-the-minute job openings tailored just for you by clicking on this link.

Kind regards,
GE Talent Acquisition Team",1
"hope this message finds you well. We are excited about the upcoming interview for the [Job Title] position at [Company Name], and we appreciate your interest in joining our team.

In preparation for the interview, we kindly request that you provide the following documents and information prior to the scheduled interview date:

Resume: Please ensure that your most up-to-date resume is submitted to us. If there have been any recent changes or updates, please provide the revised version.
References: Please share a list of professional references, including their names, positions, contact information, and the nature of your professional relationship with them.
Portfolio or Work Samples: If applicable to the role, we would like to review any relevant work samples, projects, or a portfolio that demonstrates your skills and abilities.
Photo ID: For identification purposes during the interview, please be prepared to present a valid photo ID.
Any Required Certifications or Licenses: If the position necessitates specific certifications or licenses, please provide copies of these documents.
Any Other Documents or Information Requested in the Interview Confirmation: Review the interview confirmation you received, and if there are any additional documents or information requested, please ensure that those are also submitted.
Please email these documents to [Your Email Address] by [Deadline for Submission] so that we can complete the preparations for your interview. If you have any questions or encounter any difficulties in providing the requested documents, please don't hesitate to reach out to us.

We look forward to meeting you and discussing your qualifications further during the interview. If you have any questions or need any further information about the interview process, please feel free to ask.
",1
"hope this message finds you well. Thank you for expressing interest in the [Job Title] position at [Company Name]. We appreciate your application and are looking forward to learning more about your qualifications.

Before we officially start the interview process, we kindly request that you provide the following documents:

Resume: Please send us your most up-to-date resume.
Cover Letter: If you have submitted a cover letter as part of your application, please provide a copy.
References: Share a list of professional references, including their names, positions, contact information, and a brief description of your relationship with each.
Your timely submission of these documents will facilitate our initial assessment of your candidacy. You can reply to this email with the attachments or use any other method that is convenient for you.

If you have any questions or need further clarification, please feel free to contact us.

We appreciate your cooperation and are excited to begin the interview process and learn more about your qualifications.
",1
"I hope this message finds you in good spirits. We appreciate your interest in the [Job Title] role at [Company Name] and are looking forward to moving ahead with the evaluation process.

Before we officially commence the interview stages, we kindly request that you share the following documents with us:

Updated Resume: Please provide us with your most recent resume.
Cover Letter (if applicable): If you submitted a cover letter as part of your initial application, kindly include a copy.
Professional References: We would appreciate a list of your professional references, including their names, job titles, contact information, and a brief description of your professional connection with each reference.
Timely submission of these documents will greatly aid us in our initial assessment of your candidacy. You may respond to this email with the documents attached or choose a method that is most convenient for you.

Should you have any inquiries or require additional clarifications, please do not hesitate to get in touch with us.

Your cooperation is greatly valued, and we are excited to embark on the interview process to gain deeper insights into your qualifications.",1
"I hope this message finds you in good spirits. We appreciate your interest in the [Job Title] position at [Company Name]. We're excited to begin the next steps in our selection process and look forward to getting to know you better.

Before we officially kick off the interview process, we kindly request that you provide the following documents:

Updated Resume: Please share your most recent and comprehensive resume with us.
Cover Letter (if applicable): If you included a cover letter with your initial application, please provide a copy.
Professional References: We'd like you to provide a list of professional references, including their names, job titles, contact information, and a brief description of your professional association with them.
Your timely submission of these documents will help us make a more informed assessment of your candidacy. You can reply to this email with the attachments or use any method that is most convenient for you.

If you have any questions or require further information, please feel free to reach out to us. We're here to assist you.

We greatly appreciate your cooperation in this matter and are eagerly anticipating the interview process to gain a deeper insight into your qualifications.",1
"I hope this message finds you in good health and high spirits. Your interest in the [Job Title] role at [Company Name] is truly appreciated, and we're excited to explore your potential further.

Before we officially embark on the interview process, we kindly request that you share the following documents:

Current Resume: Please provide us with your most recent resume.
Cover Letter (if applicable): If you included a cover letter with your initial application, we'd like to review it.
Professional References: We request a list of professional references, including their names, job titles, contact information, and a brief description of your professional connections with them.
Your swift submission of these documents will aid us in our preliminary evaluation of your candidacy. You may respond to this email with the attachments or utilize any other method that suits your convenience.

Should you have any inquiries or require additional details, please don't hesitate to get in touch.

We highly value your cooperation and eagerly anticipate commencing the interview process to gain deeper insights into your qualifications.",1
"I hope this message finds you well. We appreciate your interest in the [Job Title] position at [Company Name], and we are eager to delve deeper into your qualifications.

Before we formally initiate the interview process, we kindly request the submission of the following documents, including any pertinent visa details if applicable:

Current Resume: Kindly provide us with your most up-to-date resume.
Cover Letter (if submitted): If you have included a cover letter with your initial application, we would like to review it.
Professional References: We ask for a list of professional references, including their names, job titles, contact information, and a brief description of your professional connections with them.
Visa Details (if applicable): If you are an international candidate and hold a visa, please include information about your visa status, its expiration date, and any other relevant details.
Timely submission of these documents, along with visa details where applicable, will assist us in our preliminary evaluation of your candidacy. You can respond to this email with the necessary attachments or use any other method that is convenient for you.

If you have any questions, require clarification, or need to discuss your visa status further, please do not hesitate to reach out.

We value your cooperation and eagerly anticipate commencing the interview process to gain deeper insights into your qualifications and ensure a smooth transition into our organization.",1
"trust you are doing well. We want to express our appreciation for your dedicated involvement in the interview process for the [Job Title] position at [Company Name]. Your journey with us has been impressive, and we're excited to take the next steps.

As we prepare for the final stages of the interview process, we kindly request that you submit the following documents, including any pertinent visa details if applicable:

Current Resume: Please provide us with your most up-to-date resume.
Cover Letter (if submitted): If you included a cover letter with your initial application, we would like to have a copy.
Professional References: We request a list of professional references, including their names, job titles, contact information, and a brief description of your professional connections with them.
Visa Details (if applicable): If you are an international candidate and hold a visa, please include information about your visa status, its expiration date, and any other relevant details.
This step is part of our comprehensive evaluation process, which you've been progressing through impressively. You've already exhibited great potential, and these documents will help us ensure a seamless transition to the next interview phase.

You can respond to this email with the required attachments or use any other convenient method for submission.

If you have any questions or require further information, particularly regarding your visa status, please don't hesitate to reach out. We are here to support you.

Thank you for your continued commitment to the interview process, and we look forward to the upcoming final interview stage.",1
" trust you are doing well. Your continued interest and participation in the interview process for the [Job Title] position at [Company Name] are greatly appreciated. We are excited to have you as a part of our ongoing evaluation.

As we progress in the interview stages, we kindly request the submission of the following documents, including visa details if relevant:",1
"Please submit the following documents, so we are able to go ahead with this. 
1. NRIC
2. Resume
3. Passport",1
"I hope this message finds you well. We are delighted to offer you the position of [Job Title] at [Company Name]. Your application and interview process impressed us, and we believe that your skills and experience make you an excellent fit for our team.

Below, you'll find the details of the job offer:

Position: [Job Title]
Department: [Department Name]
Location: [Office Location]
Start Date: [Start Date]
Reporting to: [Supervisor's Name]

Compensation Package:

Base Salary: [Annual Salary]
Benefits: You will be eligible for our comprehensive benefits package, which includes [List Benefits, e.g., health insurance, retirement plans, etc.].
Bonus Structure: [If applicable, mention bonus structure details]
Responsibilities:
[Provide a brief summary of the key responsibilities and expectations associated with the role. You can use bullet points for clarity.]

Requirements:
[List any specific qualifications, skills, or experience required for the position.]

Please take your time to review this offer thoroughly. If you accept our offer, we request that you sign and return a copy of this letter by [Acceptance Deadline], to confirm your acceptance of the position.

If you have any questions or need additional information, please don't hesitate to contact [HR Contact Name] at [HR Contact Email] or [HR Contact Phone Number].

We are excited about the possibility of having you join our team at [Company Name] and look forward to working together. Your contributions will be valued and appreciated as we strive for continued success.

We sincerely hope you accept this offer and become a part of our [Company Name] family. Thank you for considering our offer, and we eagerly anticipate your response.",1
"Greetings! We are thrilled to extend an invitation to embark on a new professional journey as part of our dynamic team at [Company Name]. After a comprehensive assessment of your application and a stimulating interview process, we are convinced that your exceptional skills and background align perfectly with our organization.

You have been selected for the role of [Job Title] in the [Department Name] at our [Office Location]. We envisage your journey with us commencing on [Start Date], and you will be reporting to [Supervisor's Name].

Now, let's delve into the enticing details of your job offer:

Position: [Job Title]
Department: [Department Name]
Location: [Office Location]
Commencement Date: [Start Date]
Supervisor: [Supervisor's Name]

Compensation Package:

Base Salary: [Annual Salary]
Benefits: Your employment entitles you to our comprehensive benefits package, encompassing [List Benefits, e.g., health insurance, retirement plans, etc.].
Bonus Structure: [If applicable, elaborate on the bonus structure]
Responsibilities:
[Convey a concise summary of the pivotal tasks and role expectations. You can employ bullet points for clarity.]

Requirements:
[Enumerate specific qualifications, skills, or experience prerequisites for the role.]

We invite you to take the time to scrutinize this offer in detail. If you decide to embrace this opportunity, kindly sign and return a copy of this letter by [Acceptance Deadline] to signify your commitment to the position.

For any queries or the need for additional information, please do not hesitate to reach out to our dedicated HR contact, [HR Contact Name], at [HR Contact Email] or [HR Contact Phone Number].

We eagerly await your response and are eager to welcome you into the [Company Name] family. Your contributions will be instrumental in our quest for sustained success.

Accept our heartfelt invitation and anticipate an enriching and rewarding experience as part of our journey at [Company Name]. We sincerely appreciate your consideration of this offer.",1
"Warm greetings to you! We are elated to extend an invitation for you to embark on an exciting journey with us at [Company Name]. Your application and interview performance left a lasting impression, and it is with immense pleasure that we offer you the role of [Job Title].

The role you are about to step into is a pivotal one within our organization. As a member of the [Department Name] team, your contributions will leave an indelible mark on our collective success. Here are the specific details of this unique opportunity:",1
"I'm thrilled to offer you the [Job Title] position at [Company Name]. Your exceptional application and interview have impressed us, making you an ideal addition to our team.

Details:

Role: [Job Title]
Location: [Office Location]
Start Date: [Start Date]
Salary: [Annual Salary]
Please review this offer. If you accept, kindly sign and return by [Acceptance Deadline]. Contact [HR Contact Name] at [HR Contact Email] for any questions.

We're eager to have you on board and look forward to your positive response.",1
"Great news! We're thrilled to offer you the [Job Title] gig at [Company Name]. Your application and interviews really rocked, and we're convinced you're the perfect fit for our team.

The Lowdown:

Job Title: [Job Title]
Location: [Office Location]
Start Date: [Start Date]
Pay: [Annual Salary]
Take your time to mull it over. If you're up for the adventure, give us the nod by signing and returning this by [Acceptance Deadline]. Have questions? Reach out to our friendly [HR Contact Name] at [HR Contact Email].

We can't wait to welcome you aboard! Exciting times ahead.",1
"We're stoked to offer you the [Job Title] position here at [Company Name]. Your application and interviews have impressed us greatly, and we believe you're the perfect fit for our crew.

The Rundown:

Job Title: [Job Title]
Location: [Office Location]
Start Date: [Start Date]
Salary: [Annual Salary]
Feel free to take your time to consider this offer. If you're ready to dive in, just give us the green light by signing and returning it before [Acceptance Deadline]. Got any questions? Reach out to our friendly [HR Contact Name] at [HR Contact Email].

We're all set to welcome you on board! Exciting times ahead, mate.
",1
"We are thrilled to extend to you the esteemed position of [Job Title] at [Company Name]. Your application and interviews have left a lasting impression, and we are convinced that you are the ideal candidate to join our team.

Offer Highlights:

Position: [Job Title]
Location: [Office Location]
Commencement Date: [Start Date]
Compensation: [Annual Salary]
We encourage you to take your time to consider this offer. If you decide to embark on this journey with us, kindly signify your acceptance by signing and returning the offer letter before [Acceptance Deadline]. For any queries or clarifications, please do not hesitate to reach out to [HR Contact Name] at [HR Contact Email].

We eagerly await your positive response, and we look forward to welcoming you into the [Company Name] family. Your contributions will play a vital role in our ongoing success.
",1
"Name]. Your application and interviews have made a compelling case, and we believe you possess the qualifications and character that align seamlessly with our organizational values.

Offer Particulars:

Position: [Job Title]
Location: [Office Location]
Commencement Date: [Start Date]
Annual Compensation: [Annual Salary]
We kindly request that you allocate sufficient time to deliberate upon this offer. Should you choose to accept this proposition, we request your acknowledgment by signing and returning the enclosed offer letter prior to the stipulated deadline of [Acceptance Deadline]. For any questions or clarifications, please do not hesitate to contact [HR Contact Name] at [HR Contact Email].

We eagerly anticipate your positive response. Your presence will undoubtedly bolster our team and contribute to our shared success.",1
"Subject: New Job Opportunity: [Job Title] at [Company]
Hi [User],
We found a job that matches your skills and experience. [Company] is currently hiring for the position of [Job Title]. Review the job description and apply now to take the next step in your career.
Best regards,
LinkedIn Jobs",0
"Subject: Exciting Opportunity: [Job Title] at [Company]
Hi [User],
JobsDB has identified a new job opening that aligns with your profile. [Company] is looking for a qualified candidate for the position of [Job Title]. View the job details and apply today to be considered.
Regards,
JobsDB Team",0
"Subject: Job Recommendation: [Job Title] at [Company]
Hi [User],
Based on your profile and career interests, LinkedIn recommends the job opening at [Company] for the role of [Job Title]. Explore the details and apply if you're interested in this exciting opportunity.
Regards,
LinkedIn Jobs",0
"Subject: New Job Listing: [Job Title] at [Company]
Hi [User],
JobsDB has identified a job opportunity that matches your skills. [Company] is hiring for the position of [Job Title]. Check out the details and apply now to be considered for this role.
Best regards,
JobsDB Team",0
"Subject: New Job Alert: [Job Title] at [Company]
Hi [User],
An exciting job opportunity has been posted on JobsDB. [Company] is hiring for the position of [Job Title], and your skills match the requirements. Apply now to be considered for this role.
Regards,
JobsDB Team",0
"Subject: Exciting Job Opportunity at [Company]
Hi Emily,
We hope this message finds you well. We have a new job opening at [Company] for the position of [Job Title]. Your profile has caught our attention, and we believe you could be a great fit for our team.
If you are interested, please review the attached job description and reply to this email with your updated resume.
Best regards,
[Employer Name]
[Company]",0